sample_id,label,measure,tung1,duc1,agree
BDD01,drivable_area,count,3,3,1
BDD01,drivable_area,attr:areaType,alternative|alternative|direct,alternative|alternative|direct,1
BDD01,drivable_area,attr:needs_review,false|false|false,false|false|false,1
BDD01,image_context,tag,1,1,1
BDD01,image_context,attr:timeofday,daytime,daytime,1
BDD01,image_context,attr:weather,clear,clear,1
BDD03,drivable_area,count,2,2,1
BDD03,drivable_area,attr:areaType,alternative|direct,alternative|direct,1
BDD03,drivable_area,attr:needs_review,false|true,false|true,1
BDD03,image_context,tag,1,1,1
BDD03,image_context,attr:timeofday,daytime,daytime,1
BDD03,image_context,attr:weather,clear,clear,1
BDD04,drivable_area,count,1,1,1
BDD04,drivable_area,attr:areaType,__undefined__,direct,0
BDD04,drivable_area,attr:needs_review,false,false,1
BDD04,image_context,tag,1,1,1
BDD04,image_context,attr:timeofday,daytime,daytime,1
BDD04,image_context,attr:weather,clear,clear,1
BDD05,drivable_area,count,1,1,1
BDD05,drivable_area,attr:areaType,direct,direct,1
BDD05,drivable_area,attr:needs_review,false,false,1
BDD05,image_context,tag,1,1,1
BDD05,image_context,attr:timeofday,daytime,daytime,1
BDD05,image_context,attr:weather,partly cloudy,partly cloudy,1
BDD07,drivable_area,count,2,2,1
BDD07,drivable_area,attr:areaType,alternative|direct,alternative|direct,1
BDD07,drivable_area,attr:needs_review,false|true,false|true,1
BDD07,image_context,tag,1,1,1
BDD07,image_context,attr:timeofday,daytime,daytime,1
BDD07,image_context,attr:weather,clear,clear,1
BDD18,drivable_area,count,2,2,1
BDD18,drivable_area,attr:areaType,alternative|direct,alternative|direct,1
BDD18,drivable_area,attr:needs_review,false|false,false|false,1
BDD18,image_context,tag,1,1,1
BDD18,image_context,attr:timeofday,night,night,1
BDD18,image_context,attr:weather,clear,clear,1
BDD24,drivable_area,count,2,2,1
BDD24,drivable_area,attr:areaType,alternative|direct,__undefined__|direct,0
BDD24,drivable_area,attr:needs_review,false|false,false|false,1
BDD24,image_context,tag,1,1,1
BDD24,image_context,attr:timeofday,dawn/dusk,dawn/dusk,1
BDD24,image_context,attr:weather,clear,clear,1
