sample_id,decision_id,expected,severity,kind,peer_evidence,correct,note
BDD08,d1,label=drivable_area x2,major,decision,drivable_area [areaType=alternative] | drivable_area [areaType=direct],1,Peer gán đúng 2 polygon drivable_area với 2 areaType khác nhau.
BDD08,d2,areaType=direct (làn ego đang chạy),major,decision,drivable_area [areaType=alternative] | drivable_area [areaType=direct],1,Polygon làn ego có attribute areaType=direct đúng vị trí.
BDD08,d3,geometry: mép trái polygon direct bám sát vạch vàng liền nét không vẽ lấn qua con lươn bê tông,critical,geometry,drivable_area [areaType=alternative] | drivable_area [areaType=direct],0,Peer vẽ mép trái polygon direct lấn vào phần con lươn bê tông khoảng 8–10 px — guideline nêu vật cản cứng nhưng không có hình minh hoạ rõ ranh giới dừng.
BDD14,d1,label=drivable_area x2,major,decision,drivable_area [areaType=alternative] | drivable_area [areaType=direct],1,Peer gán đúng 2 polygon drivable_area — direct và alternative.
BDD14,d2,geometry: dừng biên phải tại vạch sơn trắng liền nét không vẽ lấn sang lề cỏ dốc bên phải,critical,geometry,drivable_area [areaType=alternative] | drivable_area [areaType=direct],0,Peer vẽ mép phải polygon direct vượt qua vạch trắng liền khoảng 15 px vào lề cỏ — guideline thiếu ví dụ tường minh cho "lề cỏ dốc = hard exclusion".
BDD17,d1,areaType=direct (làn trước xe taxi),major,decision,drivable_area [areaType=direct],1,Peer gán areaType=direct đúng cho làn trước mũi xe.
BDD17,d2,geometry: ranh giới mép phải polygon né hàng xe sedan đen đỗ sát vỉa hè không vẽ đè lên thân xe đỗ,major,geometry,drivable_area [areaType=direct],1,Polygon dừng trước thân xe đỗ đúng ranh giới — peer áp dụng đúng quy tắc xe đỗ là chướng ngại vật.
BDD17,d3,attr:weather=rainy (tag image_context),minor,decision,drivable_area [areaType=direct],0,Peer bỏ sót hoàn toàn bước gán tag image_context weather=rainy — guideline v2 đề cập nhưng không nhắc lại ở mục workflow CVAT step-by-step.
BDD20,d1,areaType=direct (nửa đường bên phải giữa vạch vàng kép và vạch trắng mép đường),major,decision,drivable_area [areaType=direct],1,Peer gán areaType=direct — đúng nhãn dù geometry sai.
BDD20,d2,geometry: mép trái polygon direct bám sát vạch vàng kép tim đường tuyệt đối không vẽ lấn sang làn ngược chiều bên trái vạch vàng,critical,geometry,drivable_area [areaType=direct],0,Peer vẽ polygon từ x=200 trùm qua vạch vàng kép sang làn ngược chiều — guideline v2 không có hình minh hoạ mặt cắt vạch vàng kép nhìn thẳng.
BDD20,d3,geometry: mép phải polygon direct dừng tại vạch sơn trắng liền mép đường không vẽ trùm lên ô đỗ xe của chiếc SUV màu trắng,critical,geometry,drivable_area [areaType=direct],0,Peer vẽ polygon đến x=1000 đè lên vị trí SUV trắng đỗ — peer chưa nhận ra đây là "xe đỗ cố định" vì nhìn ảnh tối phản quang mặt đường mưa.
BDD26,d1,areaType=direct (làn trước đầu xe được đèn pha rọi sáng),major,decision,drivable_area [areaType=direct],1,Peer gán areaType=direct đúng với làn được chiếu sáng bởi đèn pha.
BDD26,d2,geometry: dừng đỉnh xa của polygon direct tại quầng rọi sáng của đèn pha không vẽ suy đoán vào khoảng tối mù phía xa,minor,geometry,drivable_area [areaType=direct],0,Peer vẽ đỉnh xa polygon đến y=400 trong khi ranh giới ánh sáng pha kết thúc khoảng y=430 — vào vùng tối khoảng 30 px.
BDD26,d3,geometry: mép trái polygon không vẽ trùm lên đảo giao thông và cột đèn tín hiệu bên trái,critical,geometry,drivable_area [areaType=direct],0,Peer vẽ mép trái đến x=430 sát cột đèn tín hiệu — đêm tối nên không phân biệt được ranh giới đảo giao thông.
